timestamp,energy_value,energy_failed,energy_unit,water_value,water_failed,water_unit,transport_value,transport_failed,transport_unit,comms_value,comms_failed,comms_unit,emergency_value,emergency_failed,emergency_unit,env_value,env_failed,env_unit
2024-01-01 00:00:00,612.4178538252809,612.4178538252809,kWh,945.1486066806168,945.1486066806168,liters/hr,341.89860048090145,341.89860048090145,vehicles/hr,54.0469033930911,54.0469033930911,ms latency,14.42687120562525,14.42687120562525,incidents/hr,29.92580443552135,29.92580443552135,°C
2024-01-01 01:00:00,648.6099866111106,648.6099866111106,kWh,978.142183603428,978.142183603428,liters/hr,378.3328202116707,378.3328202116707,vehicles/hr,56.25274452666886,56.25274452666886,ms latency,15.002689323697902,15.002689323697902,incidents/hr,31.80004889885342,31.80004889885342,°C
2024-01-01 02:00:00,716.7347747528567,716.7347747528567,kWh,1008.867540461094,1008.867540461094,liters/hr,422.6730659208136,422.6730659208136,vehicles/hr,52.51790693548583,52.51790693548583,ms latency,14.766677444356812,14.766677444356812,incidents/hr,29.877914791868257,29.877914791868257,°C
2024-01-01 03:00:00,780.1606384525928,780.1606384525928,kWh,1006.8477023967262,1006.8477023967262,liters/hr,468.4125178026216,468.4125178026216,vehicles/hr,56.10812157839589,56.10812157839589,ms latency,13.925507207522667,13.925507207522667,incidents/hr,32.8827438225446,32.8827438225446,°C
2024-01-01 04:00:00,767.974901395973,767.974901395973,kWh,1007.6486786686504,1007.6486786686504,liters/hr,521.6089789603632,521.6089789603632,vehicles/hr,53.85182511513431,53.85182511513431,ms latency,15.200602828001283,15.200602828001283,incidents/hr,33.26595515132976,33.26595515132976,°C
2024-01-01 05:00:00,787.7315431799055,787.7315431799055,kWh,1020.0414848342792,1020.0414848342792,liters/hr,559.9035772514472,559.9035772514472,vehicles/hr,66.5801757556662,66.5801757556662,ms latency,12.677701862514295,12.677701862514295,incidents/hr,34.40987300747989,34.40987300747989,°C
2024-01-01 06:00:00,839.471473233219,839.471473233219,kWh,1008.4386202680596,1008.4386202680596,liters/hr,577.9871073874822,577.9871073874822,vehicles/hr,60.02732040262444,60.02732040262444,ms latency,13.955214157917869,13.955214157917869,incidents/hr,34.69629972713349,34.69629972713349,°C
2024-01-01 07:00:00,811.791376543655,811.791376543655,kWh,978.3131545915307,978.3131545915307,liters/hr,596.476951317241,596.476951317241,vehicles/hr,58.52312391727031,58.52312391727031,ms latency,12.290989421331169,12.290989421331169,incidents/hr,38.46303946186204,38.46303946186204,°C
2024-01-01 08:00:00,760.2005041728811,760.2005041728811,kWh,954.0798618108556,954.0798618108556,liters/hr,575.264723478183,575.264723478183,vehicles/hr,52.09599056154168,52.09599056154168,ms latency,10.863738347826253,10.863738347826253,incidents/hr,34.25825209654472,34.25825209654472,°C
2024-01-01 09:00:00,752.9760412091405,752.9760412091405,kWh,935.6375956949591,935.6375956949591,liters/hr,587.0780580129081,587.0780580129081,vehicles/hr,38.924138523203794,38.924138523203794,ms latency,8.522078257409738,8.522078257409738,incidents/hr,34.76284147964154,34.76284147964154,°C
2024-01-01 10:00:00,685.6871128311421,685.6871128311421,kWh,879.2293847996107,879.2293847996107,liters/hr,524.8203940269774,524.8203940269774,vehicles/hr,38.0582584907491,38.0582584907491,ms latency,8.293904024795964,8.293904024795964,incidents/hr,34.87283822347191,34.87283822347191,°C
2024-01-01 11:00:00,636.7816967507107,636.7816967507107,kWh,848.5669376819797,848.5669376819797,liters/hr,547.6501526643063,547.6501526643063,vehicles/hr,39.53705248838102,39.53705248838102,ms latency,10.244499939180354,10.244499939180354,incidents/hr,35.12198477865752,35.12198477865752,°C
2024-01-01 12:00:00,602.2868922848006,602.2868922848006,kWh,829.7214855694745,829.7214855694745,liters/hr,462.4628523898333,462.4628523898333,vehicles/hr,27.93433912408999,27.93433912408999,ms latency,9.24707269865489,9.24707269865489,incidents/hr,35.04365389440625,35.04365389440625,°C
2024-01-01 13:00:00,496.4781714332403,496.4781714332403,kWh,812.2190748765344,812.2190748765344,liters/hr,386.0644625266846,386.0644625266846,vehicles/hr,35.32025123372862,35.32025123372862,ms latency,6.060585302736504,6.060585302736504,incidents/hr,37.723905062661856,37.723905062661856,°C
2024-01-01 14:00:00,453.10006657378943,453.10006657378943,kWh,800.8397980029094,800.8397980029094,liters/hr,334.826667813581,334.826667813581,vehicles/hr,29.177299504418528,29.177299504418528,ms latency,8.259584263555798,8.259584263555798,incidents/hr,37.90892162142975,37.90892162142975,°C
2024-01-01 15:00:00,441.2353485710399,441.2353485710399,kWh,806.221849071297,806.221849071297,liters/hr,321.9483446014993,321.9483446014993,vehicles/hr,28.136791293702466,28.136791293702466,ms latency,9.880565414249144,9.880565414249144,incidents/hr,34.65977893036015,34.65977893036015,°C
2024-01-01 16:00:00,399.0206285112224,399.0206285112224,kWh,792.8650264478375,792.8650264478375,liters/hr,269.9320803375932,269.9320803375932,vehicles/hr,34.23134567205032,34.23134567205032,ms latency,5.605647617116178,5.605647617116178,incidents/hr,33.9095875549813,33.9095875549813,°C
2024-01-01 17:00:00,413.36026295146144,413.36026295146144,kWh,781.7851355583283,781.7851355583283,liters/hr,259.44534610296733,259.44534610296733,vehicles/hr,34.55128982720014,34.55128982720014,ms latency,10.808562468102195,10.808562468102195,incidents/hr,35.41815131310117,35.41815131310117,°C
2024-01-01 18:00:00,377.3790178059024,377.3790178059024,kWh,796.0699634553603,796.0699634553603,liters/hr,236.07182824342615,236.07182824342615,vehicles/hr,33.05232282161109,33.05232282161109,ms latency,9.331085255777692,9.331085255777692,incidents/hr,33.35402663716329,33.35402663716329,°C
2024-01-01 19:00:00,373.1345168603447,373.1345168603447,kWh,800.6358323467317,800.6358323467317,liters/hr,218.54979488994977,218.54979488994977,vehicles/hr,43.88045606684613,43.88045606684613,ms latency,12.824683051811029,12.824683051811029,incidents/hr,34.53067244980145,34.53067244980145,°C
2024-01-01 20:00:00,466.6560722554417,466.6560722554417,kWh,840.529964328317,840.529964328317,liters/hr,208.88255301953907,208.88255301953907,vehicles/hr,36.38209970634925,36.38209970634925,ms latency,11.205947864566046,11.205947864566046,incidents/hr,33.22256118582057,33.22256118582057,°C
2024-01-01 21:00:00,457.6657391941711,457.6657391941711,kWh,865.6937043474724,865.6937043474724,liters/hr,213.34548191355108,213.34548191355108,vehicles/hr,48.79225051626599,48.79225051626599,ms latency,10.121169958876902,10.121169958876902,incidents/hr,29.9309327045882,29.9309327045882,°C
2024-01-01 22:00:00,507.72007876608507,507.72007876608507,kWh,906.147524558364,906.147524558364,liters/hr,263.3188889602526,263.3188889602526,vehicles/hr,52.554094341199615,52.554094341199615,ms latency,11.354948235860157,11.354948235860157,incidents/hr,33.77400601969411,33.77400601969411,°C
2024-01-01 23:00:00,519.6151448432628,519.6151448432628,kWh,920.091328129893,920.091328129893,liters/hr,326.7939027798821,326.7939027798821,vehicles/hr,51.600432288695146,51.600432288695146,ms latency,15.405308325805414,15.405308325805414,incidents/hr,33.36960899575264,33.36960899575264,°C
2024-01-02 00:00:00,593.9134295469984,593.9134295469984,kWh,969.2417788876136,969.2417788876136,liters/hr,357.59417726121615,357.59417726121615,vehicles/hr,57.77649066555287,57.77649066555287,ms latency,16.299483283889728,16.299483283889728,incidents/hr,28.967952029142914,28.967952029142914,°C
2024-01-02 01:00:00,662.0664080804266,662.0664080804266,kWh,1009.1566174082157,1009.1566174082157,liters/hr,375.2635887219514,375.2635887219514,vehicles/hr,52.119278068611614,52.119278068611614,ms latency,14.181625114892125,14.181625114892125,incidents/hr,28.51887961732107,28.51887961732107,°C
2024-01-02 02:00:00,678.199850061581,678.199850061581,kWh,1003.3059190876484,1003.3059190876484,liters/hr,450.49574433617767,450.49574433617767,vehicles/hr,64.30164261515334,64.30164261515334,ms latency,17.202486364066104,17.202486364066104,incidents/hr,28.75810341257792,28.75810341257792,°C
2024-01-02 03:00:00,756.6712759736068,756.6712759736068,kWh,1022.4980760017544,1022.4980760017544,liters/hr,498.34879597737927,498.34879597737927,vehicles/hr,59.05118931888457,59.05118931888457,ms latency,12.266606972278517,12.266606972278517,incidents/hr,28.088792806363216,28.088792806363216,°C
2024-01-02 04:00:00,762.4103221753345,762.4103221753345,kWh,1030.3274457184823,1030.3274457184823,liters/hr,510.3247193909708,510.3247193909708,vehicles/hr,56.62352013252771,56.62352013252771,ms latency,14.874283181773723,14.874283181773723,incidents/hr,27.874506780607703,27.874506780607703,°C
2024-01-02 05:00:00,788.0457019827182,788.0457019827182,kWh,1009.1861045446606,1009.1861045446606,liters/hr,559.6084992859849,559.6084992859849,vehicles/hr,62.761792402924776,62.761792402924776,ms latency,11.793875147686254,11.793875147686254,incidents/hr,29.25548846521003,29.25548846521003,°C
2024-01-02 06:00:00,784.7361949662683,784.7361949662683,kWh,1005.8501747292958,1005.8501747292958,liters/hr,575.4353714619475,575.4353714619475,vehicles/hr,51.4114564752413,51.4114564752413,ms latency,11.968886235955818,11.968886235955818,incidents/hr,25.39335526282085,25.39335526282085,°C
2024-01-02 07:00:00,836.7494393199087,836.7494393199087,kWh,982.8941969307746,982.8941969307746,liters/hr,557.1308655727549,557.1308655727549,vehicles/hr,44.62228348487368,44.62228348487368,ms latency,12.336248265600462,12.336248265600462,incidents/hr,23.95509517782661,23.95509517782661,°C
2024-01-02 08:00:00,767.6353454319169,767.6353454319169,kWh,958.6834354594848,958.6834354594848,liters/hr,580.4525677167609,580.4525677167609,vehicles/hr,40.15325433854964,40.15325433854964,ms latency,9.472865676494283,9.472865676494283,incidents/hr,22.661263353565698,22.661263353565698,°C
2024-01-02 09:00:00,707.4765216640034,707.4765216640034,kWh,916.190230740325,916.190230740325,liters/hr,565.8681296826918,565.8681296826918,vehicles/hr,47.03575957832396,47.03575957832396,ms latency,9.432427549762568,9.432427549762568,incidents/hr,23.30279681576441,23.30279681576441,°C
2024-01-02 10:00:00,711.1940670677133,711.1940670677133,kWh,896.8039728144031,896.8039728144031,liters/hr,547.003909921841,547.003909921841,vehicles/hr,33.74144111463016,33.74144111463016,ms latency,11.345996343457983,11.345996343457983,incidents/hr,24.11543192978669,24.11543192978669,°C
2024-01-02 11:00:00,610.5704273920205,610.5704273920205,kWh,872.8029964776129,872.8029964776129,liters/hr,508.4654506484914,508.4654506484914,vehicles/hr,45.390345716165314,45.390345716165314,ms latency,7.495392940912663,7.495392940912663,incidents/hr,26.72392356300163,26.72392356300163,°C
2024-01-02 12:00:00,593.9404212852228,593.9404212852228,kWh,858.3875892649102,858.3875892649102,liters/hr,415.8559806836352,415.8559806836352,vehicles/hr,23.257667949719448,23.257667949719448,ms latency,9.867407013545602,9.867407013545602,incidents/hr,23.225971642263723,23.225971642263723,°C
2024-01-02 13:00:00,488.1323653085509,488.1323653085509,kWh,826.6677049297316,826.6677049297316,liters/hr,377.67922007356816,377.67922007356816,vehicles/hr,39.98206392594268,39.98206392594268,ms latency,5.7457858342012464,5.7457858342012464,incidents/hr,24.41222402483051,24.41222402483051,°C
2024-01-02 14:00:00,456.66081342340937,456.66081342340937,kWh,826.2840447610002,826.2840447610002,liters/hr,360.0085795822104,360.0085795822104,vehicles/hr,31.318341270243405,31.318341270243405,ms latency,9.149474889315217,9.149474889315217,incidents/hr,24.22862893770268,24.22862893770268,°C
2024-01-02 15:00:00,455.1234618527054,455.1234618527054,kWh,771.4946974600432,771.4946974600432,liters/hr,316.72400235620574,316.72400235620574,vehicles/hr,29.55943868302627,29.55943868302627,ms latency,11.327322178574148,11.327322178574148,incidents/hr,26.312082037369763,26.312082037369763,°C
2024-01-02 16:00:00,439.33046645649216,439.33046645649216,kWh,793.176562421736,793.176562421736,liters/hr,279.9411785420906,279.9411785420906,vehicles/hr,28.12962647862247,28.12962647862247,ms latency,4.100431177264078,4.100431177264078,incidents/hr,28.69084422978252,28.69084422978252,°C
2024-01-02 17:00:00,408.1731618436604,408.1731618436604,kWh,788.1978616796605,788.1978616796605,liters/hr,318.87669325067856,318.87669325067856,vehicles/hr,34.63664416004622,34.63664416004622,ms latency,8.253336473004081,8.253336473004081,incidents/hr,24.563397266386605,24.563397266386605,°C
2024-01-02 18:00:00,397.5421501160761,397.5421501160761,kWh,831.5505309832455,831.5505309832455,liters/hr,236.3300110797799,236.3300110797799,vehicles/hr,35.09183811682689,35.09183811682689,ms latency,11.953144908458349,11.953144908458349,incidents/hr,25.165145237412705,25.165145237412705,°C
2024-01-02 19:00:00,403.2127222746981,403.2127222746981,kWh,806.8203986843598,806.8203986843598,liters/hr,242.7880912623498,242.7880912623498,vehicles/hr,44.10588088078502,44.10588088078502,ms latency,11.427607111608602,11.427607111608602,incidents/hr,28.076155316329917,28.076155316329917,°C
2024-01-02 20:00:00,397.13598703675257,397.13598703675257,kWh,832.1801713521259,832.1801713521259,liters/hr,246.72929286251428,246.72929286251428,vehicles/hr,42.91196061508721,42.91196061508721,ms latency,13.62215542016544,13.62215542016544,incidents/hr,28.20379344390608,28.20379344390608,°C
2024-01-02 21:00:00,450.90254944729423,450.90254944729423,kWh,865.424604034334,865.424604034334,liters/hr,260.1352484584044,260.1352484584044,vehicles/hr,47.027164824804046,47.027164824804046,ms latency,12.6573817533762,12.6573817533762,incidents/hr,30.670872579826707,30.670872579826707,°C
2024-01-02 22:00:00,501.2233406990562,501.2233406990562,kWh,873.9609164718902,873.9609164718902,liters/hr,270.8040131224557,270.8040131224557,vehicles/hr,48.30445655423403,48.30445655423403,ms latency,14.895381365044589,14.895381365044589,incidents/hr,29.53290776294692,29.53290776294692,°C
2024-01-02 23:00:00,589.0257102731562,589.0257102731562,kWh,928.935570280764,928.935570280764,liters/hr,330.7655635210696,330.7655635210696,vehicles/hr,53.33139100018013,53.33139100018013,ms latency,15.07996795298289,15.07996795298289,incidents/hr,28.89753570053508,28.89753570053508,°C
2024-01-03 00:00:00,623.6258045975328,623.6258045975328,kWh,953.8981299508058,953.8981299508058,liters/hr,344.42781888068134,344.42781888068134,vehicles/hr,58.05454291995312,58.05454291995312,ms latency,18.162134118858106,18.162134118858106,incidents/hr,31.1116721758423,31.1116721758423,°C
2024-01-03 01:00:00,622.360165553839,622.360165553839,kWh,991.5020453176968,991.5020453176968,liters/hr,402.2125605040459,402.2125605040459,vehicles/hr,50.06997048233406,50.06997048233406,ms latency,16.50677056106874,16.50677056106874,incidents/hr,32.67405345816479,32.67405345816479,°C
2024-01-03 02:00:00,721.3575062181857,721.3575062181857,kWh,1012.1788865749136,1012.1788865749136,liters/hr,443.82705745363546,443.82705745363546,vehicles/hr,53.04584248648897,53.04584248648897,ms latency,16.5687870990848,16.5687870990848,incidents/hr,33.009523571926444,33.009523571926444,°C
2024-01-03 03:00:00,742.6372452689537,742.6372452689537,kWh,1045.618938581987,1045.618938581987,liters/hr,498.06536180173646,498.06536180173646,vehicles/hr,63.64931902725675,63.64931902725675,ms latency,14.696970770449584,14.696970770449584,incidents/hr,33.27671273024998,33.27671273024998,°C
2024-01-03 04:00:00,763.8496660027816,763.8496660027816,kWh,1034.0551330553078,1034.0551330553078,liters/hr,578.964722084204,578.964722084204,vehicles/hr,59.90374224555332,59.90374224555332,ms latency,13.929858254319443,13.929858254319443,incidents/hr,34.80925271929789,34.80925271929789,°C
2024-01-03 05:00:00,812.1065524122841,812.1065524122841,kWh,1005.2060327870508,1005.2060327870508,liters/hr,522.4205963585014,522.4205963585014,vehicles/hr,56.27703627249407,56.27703627249407,ms latency,13.223960254105783,13.223960254105783,incidents/hr,35.60105344176301,35.60105344176301,°C
2024-01-03 06:00:00,825.058791124271,825.058791124271,kWh,986.5921718146444,986.5921718146444,liters/hr,589.5676452009191,589.5676452009191,vehicles/hr,54.59553178600908,54.59553178600908,ms latency,13.91791951733335,13.91791951733335,incidents/hr,36.49160325200525,36.49160325200525,°C
2024-01-03 07:00:00,811.2919140364227,811.2919140364227,kWh,986.7550470694464,986.7550470694464,liters/hr,547.5381831963432,547.5381831963432,vehicles/hr,52.89230703605653,52.89230703605653,ms latency,11.249125497283902,11.249125497283902,incidents/hr,35.886178079336496,35.886178079336496,°C
2024-01-03 08:00:00,742.7900035178353,742.7900035178353,kWh,933.4066673653252,933.4066673653252,liters/hr,561.9050357925271,561.9050357925271,vehicles/hr,44.68221562333485,44.68221562333485,ms latency,11.62644132459122,11.62644132459122,incidents/hr,35.07211156222386,35.07211156222386,°C
2024-01-03 09:00:00,720.5066924735364,720.5066924735364,kWh,950.846462754764,950.846462754764,liters/hr,572.8576205465037,572.8576205465037,vehicles/hr,39.5519059434518,39.5519059434518,ms latency,14.219218813188425,14.219218813188425,incidents/hr,35.86036786140552,35.86036786140552,°C
2024-01-03 10:00:00,692.141641904724,692.141641904724,kWh,909.6186362800372,909.6186362800372,liters/hr,521.6804309694139,521.6804309694139,vehicles/hr,40.59241591585907,40.59241591585907,ms latency,10.965398429918409,10.965398429918409,incidents/hr,37.66990482158904,37.66990482158904,°C
2024-01-03 11:00:00,658.0885644210736,658.0885644210736,kWh,853.9985823692607,853.9985823692607,liters/hr,459.85346438743903,459.85346438743903,vehicles/hr,31.2625721261398,31.2625721261398,ms latency,7.917331523759699,7.917331523759699,incidents/hr,34.75311058537532,34.75311058537532,°C
2024-01-03 12:00:00,569.2364386110571,569.2364386110571,kWh,807.1354101580226,807.1354101580226,liters/hr,422.50171535957577,422.50171535957577,vehicles/hr,35.34695573666297,35.34695573666297,ms latency,10.554619204117197,10.554619204117197,incidents/hr,36.54637577146944,36.54637577146944,°C
2024-01-03 13:00:00,525.38557862416,525.38557862416,kWh,829.5687483092904,829.5687483092904,liters/hr,403.2608279059572,403.2608279059572,vehicles/hr,22.750495113737152,22.750495113737152,ms latency,7.18420674198696,7.18420674198696,incidents/hr,35.314431137246835,35.314431137246835,°C
2024-01-03 14:00:00,456.0054256740594,456.0054256740594,kWh,790.2283841251965,790.2283841251965,liters/hr,328.63508094706634,328.63508094706634,vehicles/hr,35.314217776010594,35.314217776010594,ms latency,4.048098700590469,4.048098700590469,incidents/hr,35.75639177561778,35.75639177561778,°C
2024-01-03 15:00:00,415.41818192355305,415.41818192355305,kWh,800.6511541350075,800.6511541350075,liters/hr,305.0592541645143,305.0592541645143,vehicles/hr,32.45927052031174,32.45927052031174,ms latency,6.499438943771384,6.499438943771384,incidents/hr,37.340859274223874,37.340859274223874,°C
2024-01-03 16:00:00,437.9628831331096,437.9628831331096,kWh,756.4366754752938,756.4366754752938,liters/hr,265.9750600702981,265.9750600702981,vehicles/hr,32.332068432912955,32.332068432912955,ms latency,5.405582617131713,5.405582617131713,incidents/hr,35.325831883540815,35.325831883540815,°C
2024-01-03 17:00:00,436.4574039600094,436.4574039600094,kWh,777.8827602612952,777.8827602612952,liters/hr,225.67066688300588,225.67066688300588,vehicles/hr,37.882901660530536,37.882901660530536,ms latency,9.272432067476014,9.272432067476014,incidents/hr,34.63758389061507,34.63758389061507,°C
2024-01-03 18:00:00,399.26930588465655,399.26930588465655,kWh,801.2737967786019,801.2737967786019,liters/hr,266.3440249670019,266.3440249670019,vehicles/hr,44.04399938611771,44.04399938611771,ms latency,10.980205173177552,10.980205173177552,incidents/hr,31.977794635167143,31.977794635167143,°C
2024-01-03 19:00:00,438.39471830321,438.39471830321,kWh,823.0354064879385,823.0354064879385,liters/hr,233.08022542106627,233.08022542106627,vehicles/hr,44.17585974429027,44.17585974429027,ms latency,15.33702005936406,15.33702005936406,incidents/hr,34.51704255854032,34.51704255854032,°C
2024-01-03 20:00:00,447.4589354473338,447.4589354473338,kWh,842.0715179273394,842.0715179273394,liters/hr,189.2211792741313,189.2211792741313,vehicles/hr,33.693621011119305,33.693621011119305,ms latency,13.67987056808323,13.67987056808323,incidents/hr,33.68713959966562,33.68713959966562,°C
2024-01-03 21:00:00,458.5447280368886,458.5447280368886,kWh,888.1863644936045,888.1863644936045,liters/hr,254.51790909773567,254.51790909773567,vehicles/hr,40.43904917132263,40.43904917132263,ms latency,13.558928838448074,13.558928838448074,incidents/hr,35.237967168095416,35.237967168095416,°C
2024-01-03 22:00:00,528.6051441837991,528.6051441837991,kWh,894.3094154365549,894.3094154365549,liters/hr,268.90781663852766,268.90781663852766,vehicles/hr,47.52510393990756,47.52510393990756,ms latency,16.489328658712278,16.489328658712278,incidents/hr,30.771078206809378,30.771078206809378,°C
2024-01-03 23:00:00,608.4653127358171,608.4653127358171,kWh,938.9561893778032,938.9561893778032,liters/hr,338.6745763488789,338.6745763488789,vehicles/hr,54.20233385023816,54.20233385023816,ms latency,11.046435759376829,11.046435759376829,incidents/hr,30.77978591224556,30.77978591224556,°C
2024-01-04 00:00:00,621.6307652258964,621.6307652258964,kWh,970.830689263181,970.830689263181,liters/hr,350.66270845024644,350.66270845024644,vehicles/hr,59.457238748220746,59.457238748220746,ms latency,16.338914744921865,16.338914744921865,incidents/hr,30.035640467869253,30.035640467869253,°C
2024-01-04 01:00:00,712.6010539648184,679.9401723247643,kWh,999.9170079096156,999.9170079096156,liters/hr,411.4149367150719,411.4149367150719,vehicles/hr,55.21878113804888,75.21878113804888,ms latency,17.5416711503491,20.458337817015767,incidents/hr,31.244109558175712,31.244109558175712,°C
2024-01-04 02:00:00,653.8821965033621,593.9429951572206,kWh,1019.6904748242212,1019.6904748242212,liters/hr,470.06050472546025,452.4332357982555,vehicles/hr,60.80493647845605,100.80493647845606,ms latency,12.899178682192089,18.73251201552542,incidents/hr,27.97078025358593,27.97078025358593,°C
2024-01-04 03:00:00,777.5818285600992,670.6643271330856,kWh,1001.4444457661446,972.2356494312986,liters/hr,519.391930648848,480.4375358501844,vehicles/hr,56.092246461833525,116.09224646183353,ms latency,17.734327202872095,26.48432720287209,incidents/hr,27.80071158784704,27.80071158784704,°C
2024-01-04 04:00:00,786.0394557387663,641.9322221866591,kWh,996.4409907908936,938.3152663280912,liters/hr,513.1475235011643,455.4184271072833,vehicles/hr,55.78422048379922,135.78422048379923,ms latency,15.47657963812726,27.143246304793927,incidents/hr,27.60780870395092,27.60780870395092,°C
2024-01-04 05:00:00,790.5374917717043,609.3726499073553,kWh,1031.518760435484,941.260868897379,liters/hr,556.0816477707292,472.6694006051198,vehicles/hr,49.82659072754149,149.8265907275415,ms latency,13.128713030117234,27.71204636345057,incidents/hr,26.3468733244494,26.3468733244494,°C
2024-01-04 06:00:00,800.8007013266509,580.5805084618219,kWh,1002.4910708286508,885.5337792319749,liters/hr,567.6658941582625,461.2285390035883,vehicles/hr,49.44393213647884,169.44393213647885,ms latency,14.24943775099548,31.749437750995483,incidents/hr,24.83640750685353,24.83640750685353,°C
2024-01-04 07:00:00,735.6220075397864,499.6099467874383,kWh,964.7075618071724,824.0210423769597,liters/hr,566.2736688799595,438.8620933819686,vehicles/hr,43.87707316084419,183.8770731608442,ms latency,16.481994776469975,36.898661443136646,incidents/hr,25.31410609322561,25.31410609322561,°C
2024-01-04 08:00:00,753.8445112039187,477.4348570958152,kWh,972.3940035538168,802.2250529318989,liters/hr,604.4570927035462,445.78710586886535,vehicles/hr,41.942891519610285,201.94289151961027,ms latency,11.265172342995893,34.598505676329225,incidents/hr,26.236511683487866,26.236511683487866,°C
2024-01-04 09:00:00,731.3010180033831,429.6393480769875,kWh,920.6658204441948,732.6965487701716,liters/hr,555.3905774019692,388.7734041813784,vehicles/hr,48.15156145375096,228.15156145375096,ms latency,10.434470905606718,36.68447090560672,incidents/hr,22.782436490816327,22.782436490816327,°C
2024-01-04 10:00:00,713.9183245608222,386.705759137112,kWh,905.11863287883,693.9242852071031,liters/hr,490.0586916103345,324.6638831918466,vehicles/hr,34.343421387158166,34.343421387158166,ms latency,8.198095844039136,37.3647625107058,incidents/hr,24.316123155637648,24.316123155637648,°C
2024-01-04 11:00:00,613.3038998966096,304.0965170320689,kWh,857.807338291411,632.6329119899157,liters/hr,493.6693247952755,308.5433279970472,vehicles/hr,48.86692745304693,48.86692745304693,ms latency,6.794747418284213,38.87808075161754,incidents/hr,22.962819492864703,22.962819492864703,°C
2024-01-04 12:00:00,553.52700457422,553.52700457422,kWh,860.0507081010877,609.2025849049371,liters/hr,472.5972376769273,277.6508771351948,vehicles/hr,35.427210416774045,35.427210416774045,ms latency,9.7744777061038,44.7744777061038,incidents/hr,25.805570658660727,25.805570658660727,°C
2024-01-04 13:00:00,510.4851004681032,510.4851004681032,kWh,832.7012268769104,565.542916587235,liters/hr,403.5659527487814,403.5659527487814,vehicles/hr,31.970667406459,31.970667406459,ms latency,6.289008827444695,6.289008827444695,incidents/hr,21.831888287241668,21.831888287241668,°C
2024-01-04 14:00:00,500.5118492269633,500.5118492269633,kWh,786.3251311544647,786.3251311544647,liters/hr,306.46988762240403,306.46988762240403,vehicles/hr,25.80282875886192,25.80282875886192,ms latency,8.307447035184921,8.307447035184921,incidents/hr,23.48382666902553,23.48382666902553,°C
2024-01-04 15:00:00,448.8824693416357,448.8824693416357,kWh,795.9033693120535,795.9033693120535,liters/hr,285.4677054180827,285.4677054180827,vehicles/hr,33.67220591582353,33.67220591582353,ms latency,7.636655062613669,7.636655062613669,incidents/hr,25.191881871294985,25.191881871294985,°C
2024-01-04 16:00:00,401.4447645010154,401.4447645010154,kWh,790.4644139084469,790.4644139084469,liters/hr,286.01623206430924,286.01623206430924,vehicles/hr,28.39117042667569,28.39117042667569,ms latency,10.21261025920212,10.21261025920212,incidents/hr,27.371257147729654,27.371257147729654,°C
2024-01-04 17:00:00,414.3250039145706,414.3250039145706,kWh,808.9886310529831,808.9886310529831,liters/hr,221.65819324852356,221.65819324852356,vehicles/hr,33.92500686937799,33.92500686937799,ms latency,10.773980809088568,10.773980809088568,incidents/hr,25.407432537069827,25.407432537069827,°C
2024-01-04 18:00:00,404.41426320035,404.41426320035,kWh,789.3527909007144,789.3527909007144,liters/hr,231.14433940695403,231.14433940695403,vehicles/hr,48.96680496614624,48.96680496614624,ms latency,13.164311607867296,13.164311607867296,incidents/hr,25.23416034967506,25.23416034967506,°C
2024-01-04 19:00:00,440.35284573051,440.35284573051,kWh,836.1172263104886,836.1172263104886,liters/hr,236.47379366427563,236.47379366427563,vehicles/hr,39.146692984426174,39.146692984426174,ms latency,11.11458262858701,11.11458262858701,incidents/hr,29.517699543536985,29.517699543536985,°C
2024-01-04 20:00:00,425.4144067023474,425.4144067023474,kWh,868.8178043453294,868.8178043453294,liters/hr,213.5012015834868,213.5012015834868,vehicles/hr,49.20450375223759,49.20450375223759,ms latency,12.630965886439675,12.630965886439675,incidents/hr,25.21015844856716,25.21015844856716,°C
2024-01-04 21:00:00,472.4326222294493,472.4326222294493,kWh,856.9205895008942,856.9205895008942,liters/hr,253.49090678706915,253.49090678706915,vehicles/hr,43.87972989220776,43.87972989220776,ms latency,12.168553519718747,12.168553519718747,incidents/hr,24.815514617236214,24.815514617236214,°C
2024-01-04 22:00:00,516.7123336022274,516.7123336022274,kWh,897.0646016541889,897.0646016541889,liters/hr,222.51915968267184,222.51915968267184,vehicles/hr,50.992937782590296,50.992937782590296,ms latency,14.046240401443937,14.046240401443937,incidents/hr,29.537951313610492,29.537951313610492,°C
2024-01-04 23:00:00,540.8857100930514,540.8857100930514,kWh,914.7152240704562,914.7152240704562,liters/hr,307.28881712878376,307.28881712878376,vehicles/hr,63.36880102805871,63.36880102805871,ms latency,16.295781751116042,16.295781751116042,incidents/hr,28.908483605774197,28.908483605774197,°C
2024-01-05 00:00:00,637.3886083524455,637.3886083524455,kWh,968.6285882393804,968.6285882393804,liters/hr,368.1379571679441,368.1379571679441,vehicles/hr,54.0707187648232,54.0707187648232,ms latency,17.417304218655183,17.417304218655183,incidents/hr,28.919211195053567,28.919211195053567,°C
2024-01-05 01:00:00,686.9561277584074,686.9561277584074,kWh,1005.7873467219432,1005.7873467219432,liters/hr,395.4953303121707,395.4953303121707,vehicles/hr,68.11683116394727,68.11683116394727,ms latency,14.151960533469596,14.151960533469596,incidents/hr,32.29528023018789,32.29528023018789,°C
2024-01-05 02:00:00,725.4551145140446,725.4551145140446,kWh,1033.361011835403,1033.361011835403,liters/hr,498.950548210612,498.950548210612,vehicles/hr,63.47314700954095,63.47314700954095,ms latency,17.552874178927482,17.552874178927482,incidents/hr,32.358786153794014,32.358786153794014,°C
2024-01-05 03:00:00,755.7172868444782,755.7172868444782,kWh,1020.0957396541556,1020.0957396541556,liters/hr,478.9784686240439,478.9784686240439,vehicles/hr,56.97194417574765,56.97194417574765,ms latency,18.079310660810364,18.079310660810364,incidents/hr,31.872795381848903,31.872795381848903,°C
2024-01-05 04:00:00,751.3093355928298,751.3093355928298,kWh,1043.3667924610186,1043.3667924610186,liters/hr,532.6403374261638,532.6403374261638,vehicles/hr,61.77665110438599,61.77665110438599,ms latency,15.5170102481733,15.5170102481733,incidents/hr,31.47720561149313,31.47720561149313,°C
2024-01-05 05:00:00,788.414308006701,788.414308006701,kWh,989.987082750382,989.987082750382,liters/hr,568.1618712098907,568.1618712098907,vehicles/hr,61.3688253605773,61.3688253605773,ms latency,17.580319556926362,17.580319556926362,incidents/hr,35.326264839057224,35.326264839057224,°C
2024-01-05 06:00:00,788.880733841092,788.880733841092,kWh,969.2555834727908,969.2555834727908,liters/hr,607.0618681872326,607.0618681872326,vehicles/hr,56.71306086837046,56.71306086837046,ms latency,11.28976184312927,11.28976184312927,incidents/hr,35.54323083531884,35.54323083531884,°C
2024-01-05 07:00:00,762.293330696205,762.293330696205,kWh,971.552767427974,971.552767427974,liters/hr,549.9169273448526,549.9169273448526,vehicles/hr,42.25749385448077,42.25749385448077,ms latency,9.300898317408103,9.300898317408103,incidents/hr,34.89041948584188,34.89041948584188,°C
2024-01-05 08:00:00,750.6445096827805,750.6445096827805,kWh,950.7347307212603,950.7347307212603,liters/hr,589.9762076402967,589.9762076402967,vehicles/hr,42.62523646286655,42.62523646286655,ms latency,7.200102446221793,7.200102446221793,incidents/hr,38.193136974384416,38.193136974384416,°C
2024-01-05 09:00:00,726.4374713961537,726.4374713961537,kWh,913.9696050809878,913.9696050809878,liters/hr,543.4994651193549,543.4994651193549,vehicles/hr,41.08867807108782,41.08867807108782,ms latency,12.80264936142761,12.80264936142761,incidents/hr,34.10814739172633,34.10814739172633,°C
2024-01-05 10:00:00,717.1275944895082,717.1275944895082,kWh,851.937476862827,851.937476862827,liters/hr,490.3645769735755,490.3645769735755,vehicles/hr,38.20383923232101,38.20383923232101,ms latency,10.323298398108877,10.323298398108877,incidents/hr,33.61615159935077,33.61615159935077,°C
2024-01-05 11:00:00,623.148650763607,623.148650763607,kWh,851.2772568643863,851.2772568643863,liters/hr,478.35128541178864,478.35128541178864,vehicles/hr,38.37211474010828,38.37211474010828,ms latency,8.313286118123814,8.313286118123814,incidents/hr,34.95550370333822,34.95550370333822,°C
2024-01-05 12:00:00,572.7388235250552,572.7388235250552,kWh,805.9798029828341,805.9798029828341,liters/hr,427.43895206401015,427.43895206401015,vehicles/hr,33.52109526611924,33.52109526611924,ms latency,8.640858511813994,8.640858511813994,incidents/hr,35.910135067322926,35.910135067322926,°C
2024-01-05 13:00:00,514.2787959862115,514.2787959862115,kWh,813.6591752339813,813.6591752339813,liters/hr,364.18426418015457,364.18426418015457,vehicles/hr,24.17258828510324,24.17258828510324,ms latency,5.756677263426324,5.756677263426324,incidents/hr,36.22515054581054,36.22515054581054,°C
2024-01-05 14:00:00,423.7937177477074,423.7937177477074,kWh,793.8272870023363,793.8272870023363,liters/hr,331.95757345080887,331.95757345080887,vehicles/hr,31.942881887103244,31.942881887103244,ms latency,13.10121429359648,13.10121429359648,incidents/hr,35.27844324497104,35.27844324497104,°C
2024-01-05 15:00:00,435.56671151536847,435.56671151536847,kWh,766.6454682359134,766.6454682359134,liters/hr,282.0168195125807,282.0168195125807,vehicles/hr,33.31894793314763,33.31894793314763,ms latency,8.931594396058843,8.931594396058843,incidents/hr,35.85087177747059,35.85087177747059,°C
2024-01-05 16:00:00,413.4958441900081,413.4958441900081,kWh,773.6751924477803,773.6751924477803,liters/hr,258.75993649253047,258.75993649253047,vehicles/hr,34.305185780168394,34.305185780168394,ms latency,9.584810080513256,9.584810080513256,incidents/hr,33.03580411166637,33.03580411166637,°C
2024-01-05 17:00:00,462.2972497502599,462.2972497502599,kWh,774.314600535382,774.314600535382,liters/hr,246.39549512173997,246.39549512173997,vehicles/hr,39.08091134984136,39.08091134984136,ms latency,11.692067225131254,11.692067225131254,incidents/hr,36.584011671558855,36.584011671558855,°C
2024-01-05 18:00:00,398.3763306892093,398.3763306892093,kWh,805.6540805094977,805.6540805094977,liters/hr,253.04265467130287,253.04265467130287,vehicles/hr,40.79825115662182,40.79825115662182,ms latency,12.198402578033276,12.198402578033276,incidents/hr,33.723883288505654,33.723883288505654,°C
2024-01-05 19:00:00,426.76596754790927,426.76596754790927,kWh,843.7543304064578,843.7543304064578,liters/hr,197.0574514566079,197.0574514566079,vehicles/hr,42.45348083434922,42.45348083434922,ms latency,12.732662933255106,12.732662933255106,incidents/hr,34.88518443229636,34.88518443229636,°C
2024-01-05 20:00:00,446.8679034780068,446.8679034780068,kWh,842.3410895241885,842.3410895241885,liters/hr,277.25398738142945,277.25398738142945,vehicles/hr,43.66963585103548,43.66963585103548,ms latency,11.7328097653676,11.7328097653676,incidents/hr,33.029889703155604,33.029889703155604,°C
2024-01-05 21:00:00,457.5276420761954,457.5276420761954,kWh,895.3440804209977,895.3440804209977,liters/hr,219.7379312322887,219.7379312322887,vehicles/hr,39.64609464216956,39.64609464216956,ms latency,15.194959490933734,15.194959490933734,incidents/hr,32.46393012886108,32.46393012886108,°C
2024-01-05 22:00:00,562.1344009249678,562.1344009249678,kWh,911.3284057119648,911.3284057119648,liters/hr,289.6692163869585,289.6692163869585,vehicles/hr,53.82592479267283,53.82592479267283,ms latency,18.7990314204743,18.7990314204743,incidents/hr,31.865649007638744,31.865649007638744,°C
2024-01-05 23:00:00,603.7629784588471,603.7629784588471,kWh,937.5583170058228,937.5583170058228,liters/hr,345.7957985765748,345.7957985765748,vehicles/hr,55.98268840402213,55.98268840402213,ms latency,18.299483099586915,18.299483099586915,incidents/hr,30.897252769829823,30.897252769829823,°C
2024-01-06 00:00:00,657.1781440583923,657.1781440583923,kWh,974.6048155042434,974.6048155042434,liters/hr,385.5233020465949,385.5233020465949,vehicles/hr,58.88278305073929,58.88278305073929,ms latency,19.11981687244174,19.11981687244174,incidents/hr,30.400557976517,30.400557976517,°C
2024-01-06 01:00:00,664.5260036570804,664.5260036570804,kWh,982.1848693876524,982.1848693876524,liters/hr,414.7093858670924,414.7093858670924,vehicles/hr,52.85804096680754,52.85804096680754,ms latency,14.964553944926434,14.964553944926434,incidents/hr,30.650744280156623,30.650744280156623,°C
2024-01-06 02:00:00,766.1712031162402,766.1712031162402,kWh,1004.1734595516772,1004.1734595516772,liters/hr,468.3875965881895,468.3875965881895,vehicles/hr,54.571251351172585,54.571251351172585,ms latency,13.786366050582748,13.786366050582748,incidents/hr,28.195593345774864,28.195593345774864,°C
2024-01-06 03:00:00,730.8546866342548,730.8546866342548,kWh,1001.517981366446,1001.517981366446,liters/hr,503.0734776133385,503.0734776133385,vehicles/hr,64.94423376115557,64.94423376115557,ms latency,15.032909852909166,15.032909852909166,incidents/hr,28.24446184584938,28.24446184584938,°C
2024-01-06 04:00:00,803.9311126805765,803.9311126805765,kWh,1047.724949381659,1047.724949381659,liters/hr,533.741513298554,533.741513298554,vehicles/hr,58.170369588752855,58.170369588752855,ms latency,14.688336291918324,14.688336291918324,incidents/hr,26.37531045929546,26.37531045929546,°C
2024-01-06 05:00:00,854.3280334694672,854.3280334694672,kWh,1009.3958870776024,1009.3958870776024,liters/hr,585.0801754304266,585.0801754304266,vehicles/hr,59.54342796844262,59.54342796844262,ms latency,15.879964513528453,15.879964513528453,incidents/hr,28.059480224364258,28.059480224364258,°C
2024-01-06 06:00:00,771.3476370578219,771.3476370578219,kWh,981.4762091129846,981.4762091129846,liters/hr,586.1960404531811,586.1960404531811,vehicles/hr,53.27733761267325,53.27733761267325,ms latency,9.304692042983593,9.304692042983593,incidents/hr,24.34511197267819,24.34511197267819,°C
2024-01-06 07:00:00,764.9737548033241,764.9737548033241,kWh,971.9443503640348,971.9443503640348,liters/hr,563.8170586077064,563.8170586077064,vehicles/hr,49.72328873968021,49.72328873968021,ms latency,14.699203963628698,14.699203963628698,incidents/hr,27.601856240338314,27.601856240338314,°C
2024-01-06 08:00:00,752.2893531712142,752.2893531712142,kWh,939.0721979954632,939.0721979954632,liters/hr,582.0338912915877,582.0338912915877,vehicles/hr,50.38922123479139,50.38922123479139,ms latency,10.299388817049724,10.299388817049724,incidents/hr,24.469255201231128,24.469255201231128,°C
2024-01-06 09:00:00,697.5476440012251,697.5476440012251,kWh,906.6543411317484,906.6543411317484,liters/hr,545.2418372616189,545.2418372616189,vehicles/hr,39.19275074995174,39.19275074995174,ms latency,8.832428510439978,8.832428510439978,incidents/hr,22.10710062863474,22.10710062863474,°C
2024-01-06 10:00:00,624.1092958178018,624.1092958178018,kWh,887.7056757400379,887.7056757400379,liters/hr,520.8146864002723,520.8146864002723,vehicles/hr,38.551293253643664,38.551293253643664,ms latency,6.892333323608458,6.892333323608458,incidents/hr,24.268698719738342,24.268698719738342,°C
2024-01-06 11:00:00,612.9952429600468,612.9952429600468,kWh,859.86323899738,859.86323899738,liters/hr,475.4011064702784,475.4011064702784,vehicles/hr,32.53488842249144,32.53488842249144,ms latency,5.049822202408076,5.049822202408076,incidents/hr,22.980811104605657,22.980811104605657,°C
2024-01-06 12:00:00,532.3508885155528,532.3508885155528,kWh,814.1020646533404,814.1020646533404,liters/hr,400.14830051644543,400.14830051644543,vehicles/hr,30.149583158883747,30.149583158883747,ms latency,9.699924630966937,9.699924630966937,incidents/hr,25.293052091208036,25.293052091208036,°C
2024-01-06 13:00:00,521.209366500747,521.209366500747,kWh,792.356209634699,792.356209634699,liters/hr,358.2906374765326,358.2906374765326,vehicles/hr,29.12630147117349,29.12630147117349,ms latency,8.166420888560424,8.166420888560424,incidents/hr,23.1861864201438,23.1861864201438,°C
2024-01-06 14:00:00,443.0950992562549,443.0950992562549,kWh,782.629316567751,782.629316567751,liters/hr,339.30993104990176,339.30993104990176,vehicles/hr,31.121007990848035,31.121007990848035,ms latency,5.680549039672936,5.680549039672936,incidents/hr,23.729916725855112,23.729916725855112,°C
2024-01-06 15:00:00,470.7755840750736,470.7755840750736,kWh,745.7975015492777,745.7975015492777,liters/hr,296.6572859653168,296.6572859653168,vehicles/hr,27.988493088558005,27.988493088558005,ms latency,6.168885345222012,6.168885345222012,incidents/hr,21.895931099169182,21.895931099169182,°C
2024-01-06 16:00:00,389.9761829844089,389.9761829844089,kWh,759.4226406395497,759.4226406395497,liters/hr,252.08626115314965,252.08626115314965,vehicles/hr,38.04098706852292,38.04098706852292,ms latency,8.809549079769223,8.809549079769223,incidents/hr,24.474081565760677,24.474081565760677,°C
2024-01-06 17:00:00,392.16960182285504,392.16960182285504,kWh,812.6049687029555,812.6049687029555,liters/hr,233.0768818064162,233.0768818064162,vehicles/hr,29.58204756627238,29.58204756627238,ms latency,13.714944734136038,13.714944734136038,incidents/hr,22.022957114118487,22.022957114118487,°C
2024-01-06 18:00:00,424.9998847066916,424.9998847066916,kWh,834.1686122003765,834.1686122003765,liters/hr,246.18288204641607,246.18288204641607,vehicles/hr,36.16838899556135,36.16838899556135,ms latency,10.865434619936092,10.865434619936092,incidents/hr,23.86432742183192,23.86432742183192,°C
2024-01-06 19:00:00,391.8021026658465,391.8021026658465,kWh,829.3922841069025,829.3922841069025,liters/hr,211.0671851890387,211.0671851890387,vehicles/hr,38.49636700538375,38.49636700538375,ms latency,9.42848520000987,9.42848520000987,incidents/hr,28.027312355814903,28.027312355814903,°C
2024-01-06 20:00:00,458.40767285013726,458.40767285013726,kWh,870.0215598069519,870.0215598069519,liters/hr,248.32289104418584,248.32289104418584,vehicles/hr,51.81906754071103,51.81906754071103,ms latency,12.963455988821952,12.963455988821952,incidents/hr,28.765807859358908,28.765807859358908,°C
2024-01-06 21:00:00,525.7038793599213,525.7038793599213,kWh,896.9511271530625,896.9511271530625,liters/hr,259.0339890493792,259.0339890493792,vehicles/hr,49.48478381622866,49.48478381622866,ms latency,13.829329976135108,13.829329976135108,incidents/hr,28.967491669167988,28.967491669167988,°C
2024-01-06 22:00:00,500.5195757982885,500.5195757982885,kWh,969.9069808608132,969.9069808608132,liters/hr,293.8635702167176,293.8635702167176,vehicles/hr,57.33755812943321,57.33755812943321,ms latency,9.737068969327549,9.737068969327549,incidents/hr,27.649967742531214,27.649967742531214,°C
2024-01-06 23:00:00,597.0928488031791,597.0928488031791,kWh,970.32274297391,970.32274297391,liters/hr,362.3512499081676,362.3512499081676,vehicles/hr,47.93182524752523,47.93182524752523,ms latency,15.562407885848852,15.562407885848852,incidents/hr,29.815568030656515,29.815568030656515,°C
2024-01-07 00:00:00,651.2632203576111,651.2632203576111,kWh,977.7242200625534,977.7242200625534,liters/hr,403.1543805661916,403.1543805661916,vehicles/hr,59.161747425507,59.161747425507,ms latency,15.49612384295539,15.49612384295539,incidents/hr,30.670388677473507,30.670388677473507,°C
2024-01-07 01:00:00,713.5136981455457,713.5136981455457,kWh,985.9313864153836,985.9313864153836,liters/hr,450.1075045739767,450.1075045739767,vehicles/hr,63.856975643515256,63.856975643515256,ms latency,17.364449011532102,17.364449011532102,incidents/hr,29.7152011839102,29.7152011839102,°C
2024-01-07 02:00:00,705.7660855217134,705.7660855217134,kWh,989.8748470928598,989.8748470928598,liters/hr,504.8046507307516,504.8046507307516,vehicles/hr,60.40890311132826,60.40890311132826,ms latency,19.41007148206617,19.41007148206617,incidents/hr,34.459646329734774,34.459646329734774,°C
2024-01-07 03:00:00,736.9737316404896,736.9737316404896,kWh,1022.8708168171736,1022.8708168171736,liters/hr,518.5459285271057,518.5459285271057,vehicles/hr,64.87928707692886,64.87928707692886,ms latency,17.449413682729237,17.449413682729237,incidents/hr,34.2342200904071,34.2342200904071,°C
2024-01-07 04:00:00,804.6064297466952,804.6064297466952,kWh,1006.0579489033172,1006.0579489033172,liters/hr,563.0494693859731,563.0494693859731,vehicles/hr,55.5163149415902,55.5163149415902,ms latency,13.92220781721015,13.92220781721015,incidents/hr,33.24982846242368,33.24982846242368,°C
2024-01-07 05:00:00,807.344997136897,807.344997136897,kWh,985.5573683576512,985.5573683576512,liters/hr,564.1859622273438,564.1859622273438,vehicles/hr,62.79677139580558,62.79677139580558,ms latency,11.340988959459214,11.340988959459214,incidents/hr,34.22268996207653,34.22268996207653,°C
2024-01-07 06:00:00,800.7582416220674,800.7582416220674,kWh,979.30909392785,979.30909392785,liters/hr,586.1049527475326,586.1049527475326,vehicles/hr,64.15045578654332,64.15045578654332,ms latency,17.687645888152566,17.687645888152566,incidents/hr,35.02360219044289,35.02360219044289,°C
2024-01-07 07:00:00,784.3197987178416,784.3197987178416,kWh,948.7628142271165,948.7628142271165,liters/hr,573.8619901213391,573.8619901213391,vehicles/hr,47.21973112367857,47.21973112367857,ms latency,11.608945186911688,11.608945186911688,incidents/hr,32.09551861200121,32.09551861200121,°C
2024-01-07 08:00:00,727.7068451584737,727.7068451584737,kWh,961.789925876624,961.789925876624,liters/hr,563.0785913117097,563.0785913117097,vehicles/hr,42.906181799838144,42.906181799838144,ms latency,10.503084608148251,10.503084608148251,incidents/hr,35.14513229720347,35.14513229720347,°C
2024-01-07 09:00:00,709.58333004241,709.58333004241,kWh,918.6882304592048,918.6882304592048,liters/hr,546.6031556810258,546.6031556810258,vehicles/hr,48.49116741271018,48.49116741271018,ms latency,9.51684532639492,9.51684532639492,incidents/hr,34.75518887744827,34.75518887744827,°C
2024-01-07 10:00:00,663.0166342827818,663.0166342827818,kWh,873.9480930010634,873.9480930010634,liters/hr,482.6077350178221,482.6077350178221,vehicles/hr,45.47304075304328,45.47304075304328,ms latency,9.219050874281336,9.219050874281336,incidents/hr,34.43795025115816,34.43795025115816,°C
2024-01-07 11:00:00,585.9033790536922,585.9033790536922,kWh,866.6592429283888,866.6592429283888,liters/hr,498.266690400621,498.266690400621,vehicles/hr,31.823846820560757,31.823846820560757,ms latency,8.011047478828974,8.011047478828974,incidents/hr,35.57808414603709,35.57808414603709,°C
2024-01-07 12:00:00,598.2194221886526,598.2194221886526,kWh,819.8431588055437,819.8431588055437,liters/hr,389.8546187897167,389.8546187897167,vehicles/hr,29.928548445447,29.928548445447,ms latency,6.884507364454498,6.884507364454498,incidents/hr,38.65173024767218,38.65173024767218,°C
2024-01-07 13:00:00,514.5732678713416,514.5732678713416,kWh,785.5937491204244,785.5937491204244,liters/hr,338.5593200479821,338.5593200479821,vehicles/hr,29.106370506441465,29.106370506441465,ms latency,6.943830217176278,6.943830217176278,incidents/hr,36.768813305009566,36.768813305009566,°C
2024-01-07 14:00:00,430.80537245044286,430.80537245044286,kWh,808.1890174019275,808.1890174019275,liters/hr,341.4358578304957,341.4358578304957,vehicles/hr,23.277749266864674,23.277749266864674,ms latency,8.251017688872503,8.251017688872503,incidents/hr,34.70256842747006,34.70256842747006,°C
2024-01-07 15:00:00,444.4764763945912,444.4764763945912,kWh,788.1620083780798,788.1620083780798,liters/hr,295.1734720153663,295.1734720153663,vehicles/hr,25.925883264644572,25.925883264644572,ms latency,7.762671416695195,7.762671416695195,incidents/hr,36.07373624495594,36.07373624495594,°C
2024-01-07 16:00:00,383.0274499294848,383.0274499294848,kWh,767.5259274018473,767.5259274018473,liters/hr,261.2101564980233,261.2101564980233,vehicles/hr,27.016212123514418,27.016212123514418,ms latency,8.17409009516308,8.17409009516308,incidents/hr,36.8791224068747,36.8791224068747,°C
2024-01-07 17:00:00,419.6859622480271,419.6859622480271,kWh,791.298543606663,791.298543606663,liters/hr,241.114279118024,241.114279118024,vehicles/hr,30.60966391173273,30.60966391173273,ms latency,10.728427159329636,10.728427159329636,incidents/hr,35.64949728564092,35.64949728564092,°C
2024-01-07 18:00:00,435.3799223715496,435.3799223715496,kWh,799.3877532120026,799.3877532120026,liters/hr,219.9457932216673,219.9457932216673,vehicles/hr,37.41460729013613,37.41460729013613,ms latency,11.023767101290089,11.023767101290089,incidents/hr,33.760641666347944,33.760641666347944,°C
2024-01-07 19:00:00,405.6542062771503,405.6542062771503,kWh,816.1811079232989,816.1811079232989,liters/hr,206.28904427777104,206.28904427777104,vehicles/hr,42.40963103252288,42.40963103252288,ms latency,15.592017935077696,15.592017935077696,incidents/hr,32.04587167245184,32.04587167245184,°C
2024-01-07 20:00:00,481.9995111887153,481.9995111887153,kWh,879.5667656243844,879.5667656243844,liters/hr,241.9148272069792,241.9148272069792,vehicles/hr,52.900982843000186,52.900982843000186,ms latency,8.292126633074597,8.292126633074597,incidents/hr,33.35646417368891,33.35646417368891,°C
2024-01-07 21:00:00,509.7769618730725,509.7769618730725,kWh,925.4335400240452,925.4335400240452,liters/hr,254.0265607464298,254.0265607464298,vehicles/hr,44.05639365044664,44.05639365044664,ms latency,16.677183926994502,16.677183926994502,incidents/hr,32.15222590234434,32.15222590234434,°C
2024-01-07 22:00:00,568.4849098594716,568.4849098594716,kWh,907.1531755313796,907.1531755313796,liters/hr,323.3759271229208,323.3759271229208,vehicles/hr,57.59028902846083,57.59028902846083,ms latency,17.71444111078415,17.71444111078415,incidents/hr,32.13060949064512,32.13060949064512,°C
2024-01-07 23:00:00,647.4198245663483,647.4198245663483,kWh,965.9756031828628,965.9756031828628,liters/hr,343.86521517091626,343.86521517091626,vehicles/hr,54.69039714236525,54.69039714236525,ms latency,11.581375879052608,11.581375879052608,incidents/hr,30.95275770252296,30.95275770252296,°C
